"pair","order","policy","threads","pinned","warmup_iterations","timed_iterations","rotating_sets","working_set_mib","average_ms","total_ms","checksum","kernel_variant"
"1","1","avx2","16","true","50","400","8","267.00","2.272","908.75","-13331758","final prepared-Q8_K exact-order kernel without -128 correction"
"1","2","avx512","16","true","50","400","8","267.00","1.725","690.20","-13331758","final prepared-Q8_K exact-order kernel without -128 correction"
"2","1","avx512","16","true","50","400","8","267.00","1.716","686.28","-13331758","final prepared-Q8_K exact-order kernel without -128 correction"
"2","2","avx2","16","true","50","400","8","267.00","1.780","711.99","-13331758","final prepared-Q8_K exact-order kernel without -128 correction"
"3","1","avx2","16","true","50","400","8","267.00","1.674","669.49","-13331758","final prepared-Q8_K exact-order kernel without -128 correction"
"3","2","avx512","16","true","50","400","8","267.00","1.817","726.81","-13331758","final prepared-Q8_K exact-order kernel without -128 correction"
"4","1","avx512","16","true","50","400","8","267.00","2.481","992.50","-13331758","final prepared-Q8_K exact-order kernel without -128 correction"
"4","2","avx2","16","true","50","400","8","267.00","1.821","728.23","-13331758","final prepared-Q8_K exact-order kernel without -128 correction"
"5","1","avx2","16","true","50","400","8","267.00","1.777","710.82","-13331758","final prepared-Q8_K exact-order kernel without -128 correction"
"5","2","avx512","16","true","50","400","8","267.00","1.694","677.61","-13331758","final prepared-Q8_K exact-order kernel without -128 correction"
