"date","compiler","isa","mode","n","rows","weight_working_set_bytes","cpu_threads","warmup_rounds","timed_rounds","repetition","policy","elapsed_ms","oracle_error","ggml_max_abs","ggml_rms","kernel_variant","reference_dsv4_run_sha256","measured_runner_sha256"
"2026-10-09","AMD-Clang-24.0.0","HIP-build-YMM-AVX512VL-VNNI","hot","2048","2048","917504","1","1","8","0","avx2","5.326","4.768e-07","0","0","exploratory exact-loop kernel with per-block -128 detection","15A69918CA0304E9196AE82A5633B9845B57BE65F19DB4CD32C68D5C774FF94F","not recorded"
"2026-10-09","AMD-Clang-24.0.0","HIP-build-YMM-AVX512VL-VNNI","hot","2048","2048","917504","1","1","8","0","avx512","5.061","4.768e-07","0","0","exploratory exact-loop kernel with per-block -128 detection","15A69918CA0304E9196AE82A5633B9845B57BE65F19DB4CD32C68D5C774FF94F","not recorded"
"2026-10-09","AMD-Clang-24.0.0","HIP-build-YMM-AVX512VL-VNNI","hot","2048","2048","917504","1","1","8","1","avx512","5.332","4.768e-07","0","0","exploratory exact-loop kernel with per-block -128 detection","15A69918CA0304E9196AE82A5633B9845B57BE65F19DB4CD32C68D5C774FF94F","not recorded"
"2026-10-09","AMD-Clang-24.0.0","HIP-build-YMM-AVX512VL-VNNI","hot","2048","2048","917504","1","1","8","1","avx2","5.471","4.768e-07","0","0","exploratory exact-loop kernel with per-block -128 detection","15A69918CA0304E9196AE82A5633B9845B57BE65F19DB4CD32C68D5C774FF94F","not recorded"
"2026-10-09","AMD-Clang-24.0.0","HIP-build-YMM-AVX512VL-VNNI","hot","2048","2048","917504","1","1","8","2","avx2","5.327","4.768e-07","0","0","exploratory exact-loop kernel with per-block -128 detection","15A69918CA0304E9196AE82A5633B9845B57BE65F19DB4CD32C68D5C774FF94F","not recorded"
"2026-10-09","AMD-Clang-24.0.0","HIP-build-YMM-AVX512VL-VNNI","hot","2048","2048","917504","1","1","8","2","avx512","6.101","4.768e-07","0","0","exploratory exact-loop kernel with per-block -128 detection","15A69918CA0304E9196AE82A5633B9845B57BE65F19DB4CD32C68D5C774FF94F","not recorded"
"2026-10-09","AMD-Clang-24.0.0","HIP-build-YMM-AVX512VL-VNNI","hot","2048","2048","917504","1","1","8","3","avx512","7.680","4.768e-07","0","0","exploratory exact-loop kernel with per-block -128 detection","15A69918CA0304E9196AE82A5633B9845B57BE65F19DB4CD32C68D5C774FF94F","not recorded"
"2026-10-09","AMD-Clang-24.0.0","HIP-build-YMM-AVX512VL-VNNI","hot","2048","2048","917504","1","1","8","3","avx2","7.229","4.768e-07","0","0","exploratory exact-loop kernel with per-block -128 detection","15A69918CA0304E9196AE82A5633B9845B57BE65F19DB4CD32C68D5C774FF94F","not recorded"
"2026-10-09","AMD-Clang-24.0.0","HIP-build-YMM-AVX512VL-VNNI","hot","2048","2048","917504","1","1","8","4","avx2","5.346","4.768e-07","0","0","exploratory exact-loop kernel with per-block -128 detection","15A69918CA0304E9196AE82A5633B9845B57BE65F19DB4CD32C68D5C774FF94F","not recorded"
"2026-10-09","AMD-Clang-24.0.0","HIP-build-YMM-AVX512VL-VNNI","hot","2048","2048","917504","1","1","8","4","avx512","5.035","4.768e-07","0","0","exploratory exact-loop kernel with per-block -128 detection","15A69918CA0304E9196AE82A5633B9845B57BE65F19DB4CD32C68D5C774FF94F","not recorded"
"2026-10-09","AMD-Clang-24.0.0","HIP-build-YMM-AVX512VL-VNNI","hot","4096","2048","1835008","1","1","8","0","avx2","11.268","1.431e-06","0","0","exploratory exact-loop kernel with per-block -128 detection","15A69918CA0304E9196AE82A5633B9845B57BE65F19DB4CD32C68D5C774FF94F","not recorded"
"2026-10-09","AMD-Clang-24.0.0","HIP-build-YMM-AVX512VL-VNNI","hot","4096","2048","1835008","1","1","8","0","avx512","15.751","1.431e-06","0","0","exploratory exact-loop kernel with per-block -128 detection","15A69918CA0304E9196AE82A5633B9845B57BE65F19DB4CD32C68D5C774FF94F","not recorded"
"2026-10-09","AMD-Clang-24.0.0","HIP-build-YMM-AVX512VL-VNNI","hot","4096","2048","1835008","1","1","8","1","avx512","12.252","1.431e-06","0","0","exploratory exact-loop kernel with per-block -128 detection","15A69918CA0304E9196AE82A5633B9845B57BE65F19DB4CD32C68D5C774FF94F","not recorded"
"2026-10-09","AMD-Clang-24.0.0","HIP-build-YMM-AVX512VL-VNNI","hot","4096","2048","1835008","1","1","8","1","avx2","12.208","1.431e-06","0","0","exploratory exact-loop kernel with per-block -128 detection","15A69918CA0304E9196AE82A5633B9845B57BE65F19DB4CD32C68D5C774FF94F","not recorded"
"2026-10-09","AMD-Clang-24.0.0","HIP-build-YMM-AVX512VL-VNNI","hot","4096","2048","1835008","1","1","8","2","avx2","10.697","1.431e-06","0","0","exploratory exact-loop kernel with per-block -128 detection","15A69918CA0304E9196AE82A5633B9845B57BE65F19DB4CD32C68D5C774FF94F","not recorded"
"2026-10-09","AMD-Clang-24.0.0","HIP-build-YMM-AVX512VL-VNNI","hot","4096","2048","1835008","1","1","8","2","avx512","9.912","1.431e-06","0","0","exploratory exact-loop kernel with per-block -128 detection","15A69918CA0304E9196AE82A5633B9845B57BE65F19DB4CD32C68D5C774FF94F","not recorded"
"2026-10-09","AMD-Clang-24.0.0","HIP-build-YMM-AVX512VL-VNNI","hot","4096","2048","1835008","1","1","8","3","avx512","11.151","1.431e-06","0","0","exploratory exact-loop kernel with per-block -128 detection","15A69918CA0304E9196AE82A5633B9845B57BE65F19DB4CD32C68D5C774FF94F","not recorded"
"2026-10-09","AMD-Clang-24.0.0","HIP-build-YMM-AVX512VL-VNNI","hot","4096","2048","1835008","1","1","8","3","avx2","11.105","1.431e-06","0","0","exploratory exact-loop kernel with per-block -128 detection","15A69918CA0304E9196AE82A5633B9845B57BE65F19DB4CD32C68D5C774FF94F","not recorded"
"2026-10-09","AMD-Clang-24.0.0","HIP-build-YMM-AVX512VL-VNNI","hot","4096","2048","1835008","1","1","8","4","avx2","11.300","1.431e-06","0","0","exploratory exact-loop kernel with per-block -128 detection","15A69918CA0304E9196AE82A5633B9845B57BE65F19DB4CD32C68D5C774FF94F","not recorded"
"2026-10-09","AMD-Clang-24.0.0","HIP-build-YMM-AVX512VL-VNNI","hot","4096","2048","1835008","1","1","8","4","avx512","9.971","1.431e-06","0","0","exploratory exact-loop kernel with per-block -128 detection","15A69918CA0304E9196AE82A5633B9845B57BE65F19DB4CD32C68D5C774FF94F","not recorded"
"2026-10-09","AMD-Clang-24.0.0","HIP-build-YMM-AVX512VL-VNNI","stream64MiB","2048","149797","67109056","1","1","8","0","avx2","434.588","1.907e-06","0","0","exploratory exact-loop kernel with per-block -128 detection","15A69918CA0304E9196AE82A5633B9845B57BE65F19DB4CD32C68D5C774FF94F","not recorded"
"2026-10-09","AMD-Clang-24.0.0","HIP-build-YMM-AVX512VL-VNNI","stream64MiB","2048","149797","67109056","1","1","8","0","avx512","387.947","1.907e-06","0","0","exploratory exact-loop kernel with per-block -128 detection","15A69918CA0304E9196AE82A5633B9845B57BE65F19DB4CD32C68D5C774FF94F","not recorded"
"2026-10-09","AMD-Clang-24.0.0","HIP-build-YMM-AVX512VL-VNNI","stream64MiB","2048","149797","67109056","1","1","8","1","avx512","380.407","1.907e-06","0","0","exploratory exact-loop kernel with per-block -128 detection","15A69918CA0304E9196AE82A5633B9845B57BE65F19DB4CD32C68D5C774FF94F","not recorded"
"2026-10-09","AMD-Clang-24.0.0","HIP-build-YMM-AVX512VL-VNNI","stream64MiB","2048","149797","67109056","1","1","8","1","avx2","400.078","1.907e-06","0","0","exploratory exact-loop kernel with per-block -128 detection","15A69918CA0304E9196AE82A5633B9845B57BE65F19DB4CD32C68D5C774FF94F","not recorded"
"2026-10-09","AMD-Clang-24.0.0","HIP-build-YMM-AVX512VL-VNNI","stream64MiB","2048","149797","67109056","1","1","8","2","avx2","403.831","1.907e-06","0","0","exploratory exact-loop kernel with per-block -128 detection","15A69918CA0304E9196AE82A5633B9845B57BE65F19DB4CD32C68D5C774FF94F","not recorded"
"2026-10-09","AMD-Clang-24.0.0","HIP-build-YMM-AVX512VL-VNNI","stream64MiB","2048","149797","67109056","1","1","8","2","avx512","384.266","1.907e-06","0","0","exploratory exact-loop kernel with per-block -128 detection","15A69918CA0304E9196AE82A5633B9845B57BE65F19DB4CD32C68D5C774FF94F","not recorded"
"2026-10-09","AMD-Clang-24.0.0","HIP-build-YMM-AVX512VL-VNNI","stream64MiB","2048","149797","67109056","1","1","8","3","avx512","381.560","1.907e-06","0","0","exploratory exact-loop kernel with per-block -128 detection","15A69918CA0304E9196AE82A5633B9845B57BE65F19DB4CD32C68D5C774FF94F","not recorded"
"2026-10-09","AMD-Clang-24.0.0","HIP-build-YMM-AVX512VL-VNNI","stream64MiB","2048","149797","67109056","1","1","8","3","avx2","437.230","1.907e-06","0","0","exploratory exact-loop kernel with per-block -128 detection","15A69918CA0304E9196AE82A5633B9845B57BE65F19DB4CD32C68D5C774FF94F","not recorded"
"2026-10-09","AMD-Clang-24.0.0","HIP-build-YMM-AVX512VL-VNNI","stream64MiB","2048","149797","67109056","1","1","8","4","avx2","402.793","1.907e-06","0","0","exploratory exact-loop kernel with per-block -128 detection","15A69918CA0304E9196AE82A5633B9845B57BE65F19DB4CD32C68D5C774FF94F","not recorded"
"2026-10-09","AMD-Clang-24.0.0","HIP-build-YMM-AVX512VL-VNNI","stream64MiB","2048","149797","67109056","1","1","8","4","avx512","382.199","1.907e-06","0","0","exploratory exact-loop kernel with per-block -128 detection","15A69918CA0304E9196AE82A5633B9845B57BE65F19DB4CD32C68D5C774FF94F","not recorded"
"2026-10-09","AMD-Clang-24.0.0","HIP-build-YMM-AVX512VL-VNNI","stream64MiB","4096","74899","67109504","1","1","8","0","avx2","398.437","7.629e-06","0","0","exploratory exact-loop kernel with per-block -128 detection","15A69918CA0304E9196AE82A5633B9845B57BE65F19DB4CD32C68D5C774FF94F","not recorded"
"2026-10-09","AMD-Clang-24.0.0","HIP-build-YMM-AVX512VL-VNNI","stream64MiB","4096","74899","67109504","1","1","8","0","avx512","374.559","7.629e-06","0","0","exploratory exact-loop kernel with per-block -128 detection","15A69918CA0304E9196AE82A5633B9845B57BE65F19DB4CD32C68D5C774FF94F","not recorded"
"2026-10-09","AMD-Clang-24.0.0","HIP-build-YMM-AVX512VL-VNNI","stream64MiB","4096","74899","67109504","1","1","8","1","avx512","371.490","7.629e-06","0","0","exploratory exact-loop kernel with per-block -128 detection","15A69918CA0304E9196AE82A5633B9845B57BE65F19DB4CD32C68D5C774FF94F","not recorded"
"2026-10-09","AMD-Clang-24.0.0","HIP-build-YMM-AVX512VL-VNNI","stream64MiB","4096","74899","67109504","1","1","8","1","avx2","403.085","7.629e-06","0","0","exploratory exact-loop kernel with per-block -128 detection","15A69918CA0304E9196AE82A5633B9845B57BE65F19DB4CD32C68D5C774FF94F","not recorded"
"2026-10-09","AMD-Clang-24.0.0","HIP-build-YMM-AVX512VL-VNNI","stream64MiB","4096","74899","67109504","1","1","8","2","avx2","398.976","7.629e-06","0","0","exploratory exact-loop kernel with per-block -128 detection","15A69918CA0304E9196AE82A5633B9845B57BE65F19DB4CD32C68D5C774FF94F","not recorded"
"2026-10-09","AMD-Clang-24.0.0","HIP-build-YMM-AVX512VL-VNNI","stream64MiB","4096","74899","67109504","1","1","8","2","avx512","377.495","7.629e-06","0","0","exploratory exact-loop kernel with per-block -128 detection","15A69918CA0304E9196AE82A5633B9845B57BE65F19DB4CD32C68D5C774FF94F","not recorded"
"2026-10-09","AMD-Clang-24.0.0","HIP-build-YMM-AVX512VL-VNNI","stream64MiB","4096","74899","67109504","1","1","8","3","avx512","411.040","7.629e-06","0","0","exploratory exact-loop kernel with per-block -128 detection","15A69918CA0304E9196AE82A5633B9845B57BE65F19DB4CD32C68D5C774FF94F","not recorded"
"2026-10-09","AMD-Clang-24.0.0","HIP-build-YMM-AVX512VL-VNNI","stream64MiB","4096","74899","67109504","1","1","8","3","avx2","400.611","7.629e-06","0","0","exploratory exact-loop kernel with per-block -128 detection","15A69918CA0304E9196AE82A5633B9845B57BE65F19DB4CD32C68D5C774FF94F","not recorded"
"2026-10-09","AMD-Clang-24.0.0","HIP-build-YMM-AVX512VL-VNNI","stream64MiB","4096","74899","67109504","1","1","8","4","avx2","393.765","7.629e-06","0","0","exploratory exact-loop kernel with per-block -128 detection","15A69918CA0304E9196AE82A5633B9845B57BE65F19DB4CD32C68D5C774FF94F","not recorded"
"2026-10-09","AMD-Clang-24.0.0","HIP-build-YMM-AVX512VL-VNNI","stream64MiB","4096","74899","67109504","1","1","8","4","avx512","371.723","7.629e-06","0","0","exploratory exact-loop kernel with per-block -128 detection","15A69918CA0304E9196AE82A5633B9845B57BE65F19DB4CD32C68D5C774FF94F","not recorded"
