"shape","rows","input_width","weight_bytes","threads","repeat","iterations","ms_per_call","test_gpu_sha256","build","policy","ctest","evidence_status","real_model_validation"
"q8_0","32768","1024","35651584","256","1","128","0.8231","8122A7B63958F70B5937D5C0A0626CB10048DE74605D0F5D182AA396A18D5D89","HIP gfx1151 Release; NativeCPU+AVX2 ON; BMI2+AVX512 OFF","compile-width; DSV4_MATVEC_POLICY unset","7/7","exploratory compile-width summation-tree variant; not the corrected physical32/virtual256 shape policy","not end-to-end validated as a compile-width variant"
"q8_0","32768","1024","35651584","32","1","128","0.5817","FEE9DBD3F81D82ACF016870F25D84A7F8915CBCD2F0A325571D4048ACD422328","HIP gfx1151 Release; NativeCPU+AVX2 ON; BMI2+AVX512 OFF","compile-width; DSV4_MATVEC_POLICY unset","7/7","exploratory compile-width summation-tree variant; not the corrected physical32/virtual256 shape policy","rejected: prior 32-wide prototype changed logits (max abs 7.08345, RMS 0.42791, argmax mismatch 1/15)"
"q8_0","32768","1024","35651584","64","1","128","0.5922","2618EA29C3B38266CF4C3D4D035DB08CC984766A3A3C0CA1E3CAEB9782582E1C","HIP gfx1151 Release; NativeCPU+AVX2 ON; BMI2+AVX512 OFF","compile-width; DSV4_MATVEC_POLICY unset","7/7","exploratory compile-width summation-tree variant; not the corrected physical32/virtual256 shape policy","not end-to-end validated as a compile-width variant"
"q8_0","32768","1024","35651584","64","2","128","0.607","2618EA29C3B38266CF4C3D4D035DB08CC984766A3A3C0CA1E3CAEB9782582E1C","HIP gfx1151 Release; NativeCPU+AVX2 ON; BMI2+AVX512 OFF","compile-width; DSV4_MATVEC_POLICY unset","7/7","exploratory compile-width summation-tree variant; not the corrected physical32/virtual256 shape policy","not end-to-end validated as a compile-width variant"
"q8_0","32768","1024","35651584","256","2","128","0.7949","8122A7B63958F70B5937D5C0A0626CB10048DE74605D0F5D182AA396A18D5D89","HIP gfx1151 Release; NativeCPU+AVX2 ON; BMI2+AVX512 OFF","compile-width; DSV4_MATVEC_POLICY unset","7/7","exploratory compile-width summation-tree variant; not the corrected physical32/virtual256 shape policy","not end-to-end validated as a compile-width variant"
"q8_0","32768","1024","35651584","32","2","128","0.5552","FEE9DBD3F81D82ACF016870F25D84A7F8915CBCD2F0A325571D4048ACD422328","HIP gfx1151 Release; NativeCPU+AVX2 ON; BMI2+AVX512 OFF","compile-width; DSV4_MATVEC_POLICY unset","7/7","exploratory compile-width summation-tree variant; not the corrected physical32/virtual256 shape policy","rejected: prior 32-wide prototype changed logits (max abs 7.08345, RMS 0.42791, argmax mismatch 1/15)"
"q8_0","32768","1024","35651584","32","3","128","0.5644","FEE9DBD3F81D82ACF016870F25D84A7F8915CBCD2F0A325571D4048ACD422328","HIP gfx1151 Release; NativeCPU+AVX2 ON; BMI2+AVX512 OFF","compile-width; DSV4_MATVEC_POLICY unset","7/7","exploratory compile-width summation-tree variant; not the corrected physical32/virtual256 shape policy","rejected: prior 32-wide prototype changed logits (max abs 7.08345, RMS 0.42791, argmax mismatch 1/15)"
"q8_0","32768","1024","35651584","64","3","128","0.5989","2618EA29C3B38266CF4C3D4D035DB08CC984766A3A3C0CA1E3CAEB9782582E1C","HIP gfx1151 Release; NativeCPU+AVX2 ON; BMI2+AVX512 OFF","compile-width; DSV4_MATVEC_POLICY unset","7/7","exploratory compile-width summation-tree variant; not the corrected physical32/virtual256 shape policy","not end-to-end validated as a compile-width variant"
"q8_0","32768","1024","35651584","256","3","128","0.7366","8122A7B63958F70B5937D5C0A0626CB10048DE74605D0F5D182AA396A18D5D89","HIP gfx1151 Release; NativeCPU+AVX2 ON; BMI2+AVX512 OFF","compile-width; DSV4_MATVEC_POLICY unset","7/7","exploratory compile-width summation-tree variant; not the corrected physical32/virtual256 shape policy","not end-to-end validated as a compile-width variant"
"q4_k","129280","4096","297861120","256","1","128","13.0486","8122A7B63958F70B5937D5C0A0626CB10048DE74605D0F5D182AA396A18D5D89","HIP gfx1151 Release; NativeCPU+AVX2 ON; BMI2+AVX512 OFF","compile-width; DSV4_MATVEC_POLICY unset","7/7","exploratory compile-width summation-tree variant; not the corrected physical32/virtual256 shape policy","not end-to-end validated as a compile-width variant"
"q4_k","129280","4096","297861120","32","1","128","11.3485","FEE9DBD3F81D82ACF016870F25D84A7F8915CBCD2F0A325571D4048ACD422328","HIP gfx1151 Release; NativeCPU+AVX2 ON; BMI2+AVX512 OFF","compile-width; DSV4_MATVEC_POLICY unset","7/7","exploratory compile-width summation-tree variant; not the corrected physical32/virtual256 shape policy","rejected: prior 32-wide prototype changed logits (max abs 7.08345, RMS 0.42791, argmax mismatch 1/15)"
"q4_k","129280","4096","297861120","64","1","128","11.2806","2618EA29C3B38266CF4C3D4D035DB08CC984766A3A3C0CA1E3CAEB9782582E1C","HIP gfx1151 Release; NativeCPU+AVX2 ON; BMI2+AVX512 OFF","compile-width; DSV4_MATVEC_POLICY unset","7/7","exploratory compile-width summation-tree variant; not the corrected physical32/virtual256 shape policy","not end-to-end validated as a compile-width variant"
"q4_k","129280","4096","297861120","64","2","128","11.2563","2618EA29C3B38266CF4C3D4D035DB08CC984766A3A3C0CA1E3CAEB9782582E1C","HIP gfx1151 Release; NativeCPU+AVX2 ON; BMI2+AVX512 OFF","compile-width; DSV4_MATVEC_POLICY unset","7/7","exploratory compile-width summation-tree variant; not the corrected physical32/virtual256 shape policy","not end-to-end validated as a compile-width variant"
"q4_k","129280","4096","297861120","256","2","128","12.9634","8122A7B63958F70B5937D5C0A0626CB10048DE74605D0F5D182AA396A18D5D89","HIP gfx1151 Release; NativeCPU+AVX2 ON; BMI2+AVX512 OFF","compile-width; DSV4_MATVEC_POLICY unset","7/7","exploratory compile-width summation-tree variant; not the corrected physical32/virtual256 shape policy","not end-to-end validated as a compile-width variant"
"q4_k","129280","4096","297861120","32","2","128","11.1398","FEE9DBD3F81D82ACF016870F25D84A7F8915CBCD2F0A325571D4048ACD422328","HIP gfx1151 Release; NativeCPU+AVX2 ON; BMI2+AVX512 OFF","compile-width; DSV4_MATVEC_POLICY unset","7/7","exploratory compile-width summation-tree variant; not the corrected physical32/virtual256 shape policy","rejected: prior 32-wide prototype changed logits (max abs 7.08345, RMS 0.42791, argmax mismatch 1/15)"
"q4_k","129280","4096","297861120","32","3","128","11.1151","FEE9DBD3F81D82ACF016870F25D84A7F8915CBCD2F0A325571D4048ACD422328","HIP gfx1151 Release; NativeCPU+AVX2 ON; BMI2+AVX512 OFF","compile-width; DSV4_MATVEC_POLICY unset","7/7","exploratory compile-width summation-tree variant; not the corrected physical32/virtual256 shape policy","rejected: prior 32-wide prototype changed logits (max abs 7.08345, RMS 0.42791, argmax mismatch 1/15)"
"q4_k","129280","4096","297861120","64","3","128","11.1322","2618EA29C3B38266CF4C3D4D035DB08CC984766A3A3C0CA1E3CAEB9782582E1C","HIP gfx1151 Release; NativeCPU+AVX2 ON; BMI2+AVX512 OFF","compile-width; DSV4_MATVEC_POLICY unset","7/7","exploratory compile-width summation-tree variant; not the corrected physical32/virtual256 shape policy","not end-to-end validated as a compile-width variant"
"q4_k","129280","4096","297861120","256","3","128","12.9922","8122A7B63958F70B5937D5C0A0626CB10048DE74605D0F5D182AA396A18D5D89","HIP gfx1151 Release; NativeCPU+AVX2 ON; BMI2+AVX512 OFF","compile-width; DSV4_MATVEC_POLICY unset","7/7","exploratory compile-width summation-tree variant; not the corrected physical32/virtual256 shape policy","not end-to-end validated as a compile-width variant"
"iq1_m","2048","4096","1835008","256","1","128","0.2746","8122A7B63958F70B5937D5C0A0626CB10048DE74605D0F5D182AA396A18D5D89","HIP gfx1151 Release; NativeCPU+AVX2 ON; BMI2+AVX512 OFF","compile-width; DSV4_MATVEC_POLICY unset","7/7","exploratory compile-width summation-tree variant; not the corrected physical32/virtual256 shape policy","not end-to-end validated as a compile-width variant"
"iq1_m","2048","4096","1835008","32","1","128","0.2941","FEE9DBD3F81D82ACF016870F25D84A7F8915CBCD2F0A325571D4048ACD422328","HIP gfx1151 Release; NativeCPU+AVX2 ON; BMI2+AVX512 OFF","compile-width; DSV4_MATVEC_POLICY unset","7/7","exploratory compile-width summation-tree variant; not the corrected physical32/virtual256 shape policy","rejected: prior 32-wide prototype changed logits (max abs 7.08345, RMS 0.42791, argmax mismatch 1/15)"
"iq1_m","2048","4096","1835008","64","1","128","0.2678","2618EA29C3B38266CF4C3D4D035DB08CC984766A3A3C0CA1E3CAEB9782582E1C","HIP gfx1151 Release; NativeCPU+AVX2 ON; BMI2+AVX512 OFF","compile-width; DSV4_MATVEC_POLICY unset","7/7","exploratory compile-width summation-tree variant; not the corrected physical32/virtual256 shape policy","not end-to-end validated as a compile-width variant"
"iq1_m","2048","4096","1835008","64","2","128","0.2679","2618EA29C3B38266CF4C3D4D035DB08CC984766A3A3C0CA1E3CAEB9782582E1C","HIP gfx1151 Release; NativeCPU+AVX2 ON; BMI2+AVX512 OFF","compile-width; DSV4_MATVEC_POLICY unset","7/7","exploratory compile-width summation-tree variant; not the corrected physical32/virtual256 shape policy","not end-to-end validated as a compile-width variant"
"iq1_m","2048","4096","1835008","256","2","128","0.2596","8122A7B63958F70B5937D5C0A0626CB10048DE74605D0F5D182AA396A18D5D89","HIP gfx1151 Release; NativeCPU+AVX2 ON; BMI2+AVX512 OFF","compile-width; DSV4_MATVEC_POLICY unset","7/7","exploratory compile-width summation-tree variant; not the corrected physical32/virtual256 shape policy","not end-to-end validated as a compile-width variant"
"iq1_m","2048","4096","1835008","32","2","128","0.2717","FEE9DBD3F81D82ACF016870F25D84A7F8915CBCD2F0A325571D4048ACD422328","HIP gfx1151 Release; NativeCPU+AVX2 ON; BMI2+AVX512 OFF","compile-width; DSV4_MATVEC_POLICY unset","7/7","exploratory compile-width summation-tree variant; not the corrected physical32/virtual256 shape policy","rejected: prior 32-wide prototype changed logits (max abs 7.08345, RMS 0.42791, argmax mismatch 1/15)"
"iq1_m","2048","4096","1835008","32","3","128","0.2735","FEE9DBD3F81D82ACF016870F25D84A7F8915CBCD2F0A325571D4048ACD422328","HIP gfx1151 Release; NativeCPU+AVX2 ON; BMI2+AVX512 OFF","compile-width; DSV4_MATVEC_POLICY unset","7/7","exploratory compile-width summation-tree variant; not the corrected physical32/virtual256 shape policy","rejected: prior 32-wide prototype changed logits (max abs 7.08345, RMS 0.42791, argmax mismatch 1/15)"
"iq1_m","2048","4096","1835008","64","3","128","0.2625","2618EA29C3B38266CF4C3D4D035DB08CC984766A3A3C0CA1E3CAEB9782582E1C","HIP gfx1151 Release; NativeCPU+AVX2 ON; BMI2+AVX512 OFF","compile-width; DSV4_MATVEC_POLICY unset","7/7","exploratory compile-width summation-tree variant; not the corrected physical32/virtual256 shape policy","not end-to-end validated as a compile-width variant"
"iq1_m","2048","4096","1835008","256","3","128","0.2634","8122A7B63958F70B5937D5C0A0626CB10048DE74605D0F5D182AA396A18D5D89","HIP gfx1151 Release; NativeCPU+AVX2 ON; BMI2+AVX512 OFF","compile-width; DSV4_MATVEC_POLICY unset","7/7","exploratory compile-width summation-tree variant; not the corrected physical32/virtual256 shape policy","not end-to-end validated as a compile-width variant"
"iq3_xxs","4096","2048","3211264","256","1","128","0.2459","8122A7B63958F70B5937D5C0A0626CB10048DE74605D0F5D182AA396A18D5D89","HIP gfx1151 Release; NativeCPU+AVX2 ON; BMI2+AVX512 OFF","compile-width; DSV4_MATVEC_POLICY unset","7/7","exploratory compile-width summation-tree variant; not the corrected physical32/virtual256 shape policy","not end-to-end validated as a compile-width variant"
"iq3_xxs","4096","2048","3211264","32","1","128","0.2305","FEE9DBD3F81D82ACF016870F25D84A7F8915CBCD2F0A325571D4048ACD422328","HIP gfx1151 Release; NativeCPU+AVX2 ON; BMI2+AVX512 OFF","compile-width; DSV4_MATVEC_POLICY unset","7/7","exploratory compile-width summation-tree variant; not the corrected physical32/virtual256 shape policy","rejected: prior 32-wide prototype changed logits (max abs 7.08345, RMS 0.42791, argmax mismatch 1/15)"
"iq3_xxs","4096","2048","3211264","64","1","128","0.2412","2618EA29C3B38266CF4C3D4D035DB08CC984766A3A3C0CA1E3CAEB9782582E1C","HIP gfx1151 Release; NativeCPU+AVX2 ON; BMI2+AVX512 OFF","compile-width; DSV4_MATVEC_POLICY unset","7/7","exploratory compile-width summation-tree variant; not the corrected physical32/virtual256 shape policy","not end-to-end validated as a compile-width variant"
"iq3_xxs","4096","2048","3211264","64","2","128","0.2244","2618EA29C3B38266CF4C3D4D035DB08CC984766A3A3C0CA1E3CAEB9782582E1C","HIP gfx1151 Release; NativeCPU+AVX2 ON; BMI2+AVX512 OFF","compile-width; DSV4_MATVEC_POLICY unset","7/7","exploratory compile-width summation-tree variant; not the corrected physical32/virtual256 shape policy","not end-to-end validated as a compile-width variant"
"iq3_xxs","4096","2048","3211264","256","2","128","0.2425","8122A7B63958F70B5937D5C0A0626CB10048DE74605D0F5D182AA396A18D5D89","HIP gfx1151 Release; NativeCPU+AVX2 ON; BMI2+AVX512 OFF","compile-width; DSV4_MATVEC_POLICY unset","7/7","exploratory compile-width summation-tree variant; not the corrected physical32/virtual256 shape policy","not end-to-end validated as a compile-width variant"
"iq3_xxs","4096","2048","3211264","32","2","128","0.2325","FEE9DBD3F81D82ACF016870F25D84A7F8915CBCD2F0A325571D4048ACD422328","HIP gfx1151 Release; NativeCPU+AVX2 ON; BMI2+AVX512 OFF","compile-width; DSV4_MATVEC_POLICY unset","7/7","exploratory compile-width summation-tree variant; not the corrected physical32/virtual256 shape policy","rejected: prior 32-wide prototype changed logits (max abs 7.08345, RMS 0.42791, argmax mismatch 1/15)"
"iq3_xxs","4096","2048","3211264","32","3","128","0.2332","FEE9DBD3F81D82ACF016870F25D84A7F8915CBCD2F0A325571D4048ACD422328","HIP gfx1151 Release; NativeCPU+AVX2 ON; BMI2+AVX512 OFF","compile-width; DSV4_MATVEC_POLICY unset","7/7","exploratory compile-width summation-tree variant; not the corrected physical32/virtual256 shape policy","rejected: prior 32-wide prototype changed logits (max abs 7.08345, RMS 0.42791, argmax mismatch 1/15)"
"iq3_xxs","4096","2048","3211264","64","3","128","0.2349","2618EA29C3B38266CF4C3D4D035DB08CC984766A3A3C0CA1E3CAEB9782582E1C","HIP gfx1151 Release; NativeCPU+AVX2 ON; BMI2+AVX512 OFF","compile-width; DSV4_MATVEC_POLICY unset","7/7","exploratory compile-width summation-tree variant; not the corrected physical32/virtual256 shape policy","not end-to-end validated as a compile-width variant"
"iq3_xxs","4096","2048","3211264","256","3","128","0.245","8122A7B63958F70B5937D5C0A0626CB10048DE74605D0F5D182AA396A18D5D89","HIP gfx1151 Release; NativeCPU+AVX2 ON; BMI2+AVX512 OFF","compile-width; DSV4_MATVEC_POLICY unset","7/7","exploratory compile-width summation-tree variant; not the corrected physical32/virtual256 shape policy","not end-to-end validated as a compile-width variant"
